{"environment":"custom","phpVersion":"7.3.2","mysqlVersion":"5.6","webServer":"apache","devMode":null,"multiSite":"no","name":"Nev","path":"/Users/naasirhusainmirza/Desktop/SEMESTER03/02CMS_I/nev","domain":"nev.local","id":"cIKT6Qd7F","localVersion":"3.3.0","container":"da0cb52d90482390e4dce9775989980f9dda76733a7fe792b926e13c6e942442","mysql":{"database":"local","user":"root","password":"root"},"ports":{"HTTP":4036,"HTTPS":4037,"MYSQL":4038,"MAILCATCHER":4039},"workspace":null,"environmentVersion":"1.3.2","sslSHA1":"3a61d06e24059aa8b7c9c6ad589fbc2840b77c25"}